Названия товара,Цена товара
Пылесос Xiaomi Dreame V9 (Global)  белый,14990
Сменная насадка тряпка для швабры Xiaomi Deerma,590
Беспроводной Ручной пылесос Xiaomi Dreame P10 PRO (EU),18090
Беспроводной Ручной пылесос Xiaomi Dreame P10 (EU),15950
Пылесос Xiaomi Shunzao Handheld Vacuum Cleaner Z11 MAX,21990
Пылесос Shunzao L1,14190
Пылесос Eureka Handheld Vacuum Cleaner H11 EU,16190
Пылесос Eureka Handheld Vacuum Cleaner BR5,7590
Пылесос Eureka Apollo Vacuum Cleaner Strong Suction Power (V18C01A-200),6240
Беспроводной пылесос Xiaomi Mijia K10 Pro,27360
Ручной пылесос Xiaomi Mi Mijia K10,18590
Беспроводной пылесос Dreame Cordless Vacuum Cleaner T10,16790
Беспроводной пылесос Xiaomi Dreame V10 Pro,18090
Ручной пылесос Xiaomi Mijia Vacuum Cleaner с функциями удаление клещей MJCMY01DM,4050
Пылесос Xiaomi Dreame V12,26390
Мини-пылесос для рабочего стола Xiaomi Nusign Dekstop Cleaner (NSYP198)  белый,1490
Мини-пылесос для рабочего стола Xiaomi Nusign Dekstop Cleaner (NSYP198)  черный,1490
Вертикальный пылесос Xiaomi Dreame V11 SE,18460
Пылесос Xiaomi Dreame XR,18490
Пылесос Xiaomi Jimmy JV51  белый/красный,9990
Пылесос Xiaomi Deerma VC01 Wireless Vacuum Cleaner,4780
Пылесос Xiaomi Deerma VC40  белый,9490
Пылесос Xiaomi SWDK FG2020 Wireless Cleaning Machine  белый,16190
Беспроводной ручной пылесос Xiaomi Mijia Vacuum Cleaner,12990
Пылесос Roborock H6  серый/красный,24990
Пылесос Viomi A9  черный,13990
Беспроводной ручной пылесос Deerma Wireless Vacuum Cleaner CM1900,4990
Ручной пылесос Xiaomi Shunzao Millet Has A Hand-Held Vacuum Cleaner Z1,5990
Пылесос Xiaomi Mijia Handheld Wireless Vacuum Cleaner 1С,14790
Пылесос Xiaomi Trouver Power 11 Cordless Vacuum Cleaner  белый/красный,10990
Пылесос Xiaomi Deerma CM800  белый,3990
Пылесос Xiaomi Shunzao Z11  белый,20990
Беспроводной ручной Пылесос Xiaomi Dreame V10 P (EU),18990
Пылесос Xiaomi Roidmi F8  белый,15490
Пылесос Xiaomi Jimmy JV71  белый/красный,12990
Пылесос Xiaomi Deerma DX700,3490
Пылесос Xiaomi Deerma DX700S,2680
Пылесос Xiaomi Dreame V11,21600
Пылесос Xiaomi SWDK KC301,5990
Ручной пылесос Xiaomi CleanFly Portable  черный,2890
